"fecha","horizonte","expectativa","v_i"
2009-06-01,"Año actual",5,NA
2009-06-01,"12 meses",5.42,NA
2009-06-01,"Año siguiente",6,NA
2009-06-01,"24 meses",NA,NA
2009-07-01,"Año actual",6,NA
2009-07-01,"12 meses",6.5,NA
2009-07-01,"Año siguiente",7,NA
2009-07-01,"24 meses",NA,NA
2009-08-01,"Año actual",6,NA
2009-08-01,"12 meses",6.11,NA
2009-08-01,"Año siguiente",6.1,NA
2009-08-01,"24 meses",NA,NA
2009-09-01,"Año actual",6,NA
2009-09-01,"12 meses",6,NA
2009-09-01,"Año siguiente",6.9,NA
2009-09-01,"24 meses",NA,NA
2009-10-01,"Año actual",6,NA
2009-10-01,"12 meses",5.735,NA
2009-10-01,"Año siguiente",6.98,NA
2009-10-01,"24 meses",NA,NA
2009-11-01,"Año actual",5.435,NA
2009-11-01,"12 meses",6,NA
2009-11-01,"Año siguiente",6.575,NA
2009-11-01,"24 meses",NA,NA
2009-12-01,"Año actual",6,NA
2009-12-01,"12 meses",6.505,NA
2009-12-01,"Año siguiente",7,NA
2009-12-01,"24 meses",NA,NA
2010-01-01,"Año actual",7,NA
2010-01-01,"12 meses",6.98,NA
2010-01-01,"Año siguiente",6.18,NA
2010-01-01,"24 meses",NA,NA
2010-02-01,"Año actual",6.65,NA
2010-02-01,"12 meses",6.7,NA
2010-02-01,"Año siguiente",6.75,NA
2010-02-01,"24 meses",NA,NA
2010-03-01,"Año actual",6.5,NA
2010-03-01,"12 meses",6.4,NA
2010-03-01,"Año siguiente",6,NA
2010-03-01,"24 meses",NA,NA
2010-04-01,"Año actual",6.825,NA
2010-04-01,"12 meses",6.7,NA
2010-04-01,"Año siguiente",6.54,NA
2010-04-01,"24 meses",NA,NA
2010-05-01,"Año actual",7,NA
2010-05-01,"12 meses",7.87,NA
2010-05-01,"Año siguiente",6.75,NA
2010-05-01,"24 meses",NA,NA
2010-06-01,"Año actual",7,NA
2010-06-01,"12 meses",7,NA
2010-06-01,"Año siguiente",6.5,NA
2010-06-01,"24 meses",NA,NA
2010-07-01,"Año actual",6.4,NA
2010-07-01,"12 meses",6,NA
2010-07-01,"Año siguiente",6,NA
2010-07-01,"24 meses",NA,NA
2010-08-01,"Año actual",6.45,NA
2010-08-01,"12 meses",6.44,NA
2010-08-01,"Año siguiente",6,NA
2010-08-01,"24 meses",NA,NA
2010-09-01,"Año actual",6,NA
2010-09-01,"12 meses",6.245,NA
2010-09-01,"Año siguiente",6,NA
2010-09-01,"24 meses",NA,NA
2010-10-01,"Año actual",6.275,NA
2010-10-01,"12 meses",6.35,NA
2010-10-01,"Año siguiente",5.935,NA
2010-10-01,"24 meses",NA,NA
2010-11-01,"Año actual",6.45,NA
2010-11-01,"12 meses",6.5,NA
2010-11-01,"Año siguiente",6.5,NA
2010-11-01,"24 meses",NA,NA
2010-12-01,"Año actual",6,NA
2010-12-01,"12 meses",6,NA
2010-12-01,"Año siguiente",6.2,NA
2010-12-01,"24 meses",NA,NA
2011-01-01,"Año actual",6.4,NA
2011-01-01,"12 meses",6.43,NA
2011-01-01,"Año siguiente",6,NA
2011-01-01,"24 meses",NA,NA
2011-02-01,"Año actual",6.5,NA
2011-02-01,"12 meses",6.525,NA
2011-02-01,"Año siguiente",6.3,NA
2011-02-01,"24 meses",NA,NA
2011-03-01,"Año actual",6.8,NA
2011-03-01,"12 meses",7.475,NA
2011-03-01,"Año siguiente",6.3,NA
2011-03-01,"24 meses",NA,NA
2011-04-01,"Año actual",7,NA
2011-04-01,"12 meses",7.175,NA
2011-04-01,"Año siguiente",6,NA
2011-04-01,"24 meses",NA,NA
2011-05-01,"Año actual",7.3,NA
2011-05-01,"12 meses",7,NA
2011-05-01,"Año siguiente",6,NA
2011-05-01,"24 meses",NA,NA
2011-06-01,"Año actual",7.5,NA
2011-06-01,"12 meses",7,NA
2011-06-01,"Año siguiente",6.1,NA
2011-06-01,"24 meses",NA,NA
2011-07-01,"Año actual",7.98,NA
2011-07-01,"12 meses",7.35,NA
2011-07-01,"Año siguiente",6,NA
2011-07-01,"24 meses",NA,NA
2011-08-01,"Año actual",8,NA
2011-08-01,"12 meses",7.5,NA
2011-08-01,"Año siguiente",6.3,NA
2011-08-01,"24 meses",NA,NA
2011-09-01,"Año actual",8.46,NA
2011-09-01,"12 meses",7.55,NA
2011-09-01,"Año siguiente",6,NA
2011-09-01,"24 meses",NA,NA
2011-10-01,"Año actual",8.01,NA
2011-10-01,"12 meses",7,NA
2011-10-01,"Año siguiente",6.3,NA
2011-10-01,"24 meses",NA,NA
2011-11-01,"Año actual",8.33,NA
2011-11-01,"12 meses",8,NA
2011-11-01,"Año siguiente",6.055,NA
2011-11-01,"24 meses",NA,NA
2011-12-01,"Año actual",7.98,7.75999999999997
2011-12-01,"12 meses",6,7.75999999999997
2011-12-01,"Año siguiente",6,7.75999999999997
2011-12-01,"24 meses",NA,7.75999999999997
2012-01-01,"Año actual",6.055,6.90438561833266
2012-01-01,"12 meses",6.91,6.90438561833266
2012-01-01,"Año siguiente",5.74,6.90438561833266
2012-01-01,"24 meses",NA,6.90438561833266
2012-02-01,"Año actual",6.25,6.00234237751316
2012-02-01,"12 meses",6.12,6.00234237751316
2012-02-01,"Año siguiente",6,6.00234237751316
2012-02-01,"24 meses",NA,6.00234237751316
2012-03-01,"Año actual",6.17,4.93970091654603
2012-03-01,"12 meses",6.13,4.93970091654603
2012-03-01,"Año siguiente",5.5,4.93970091654603
2012-03-01,"24 meses",NA,4.93970091654603
2012-04-01,"Año actual",6.125,4.04591104734577
2012-04-01,"12 meses",6.235,4.04591104734577
2012-04-01,"Año siguiente",6,4.04591104734577
2012-04-01,"24 meses",NA,4.04591104734577
2012-05-01,"Año actual",5.58,3.54075205191831
2012-05-01,"12 meses",5.68,3.54075205191831
2012-05-01,"Año siguiente",5.54,3.54075205191831
2012-05-01,"24 meses",NA,3.54075205191831
2012-06-01,"Año actual",5,2.71138403401039
2012-06-01,"12 meses",6.17,2.71138403401039
2012-06-01,"Año siguiente",5.5,2.71138403401039
2012-06-01,"24 meses",NA,2.71138403401039
2012-07-01,"Año actual",4.5,1.63934426229508
2012-07-01,"12 meses",5.95,1.63934426229508
2012-07-01,"Año siguiente",5.5,1.63934426229508
2012-07-01,"24 meses",NA,1.63934426229508
2012-08-01,"Año actual",3.8,2.16256524981355
2012-08-01,"12 meses",5.55,2.16256524981355
2012-08-01,"Año siguiente",5,2.16256524981355
2012-08-01,"24 meses",NA,2.16256524981355
2012-09-01,"Año actual",4,2.60440889219609
2012-09-01,"12 meses",5.25,2.60440889219609
2012-09-01,"Año siguiente",5,2.60440889219609
2012-09-01,"24 meses",NA,2.60440889219609
2012-10-01,"Año actual",4.2,2.81755625813651
2012-10-01,"12 meses",5.33,2.81755625813651
2012-10-01,"Año siguiente",5,2.81755625813651
2012-10-01,"24 meses",NA,2.81755625813651
2012-11-01,"Año actual",4,3.37235228539576
2012-11-01,"12 meses",5.515,3.37235228539576
2012-11-01,"Año siguiente",5.23,3.37235228539576
2012-11-01,"24 meses",NA,3.37235228539576
2012-12-01,"Año actual",3.95,3.9068299925761
2012-12-01,"12 meses",5.08,3.9068299925761
2012-12-01,"Año siguiente",5.13,3.9068299925761
2012-12-01,"24 meses",NA,3.9068299925761
2013-01-01,"Año actual",5.6,4.75838492100158
2013-01-01,"12 meses",5.3,4.75838492100158
2013-01-01,"Año siguiente",5,4.75838492100158
2013-01-01,"24 meses",NA,4.75838492100158
2013-02-01,"Año actual",5.895,4.73252923303562
2013-02-01,"12 meses",5.68,4.73252923303562
2013-02-01,"Año siguiente",5,4.73252923303562
2013-02-01,"24 meses",NA,4.73252923303562
2013-03-01,"Año actual",6,4.97379792222121
2013-03-01,"12 meses",5.56,4.97379792222121
2013-03-01,"Año siguiente",5,4.97379792222121
2013-03-01,"24 meses",NA,4.97379792222121
2013-04-01,"Año actual",5.5,4.89979775694063
2013-04-01,"12 meses",5.5,4.89979775694063
2013-04-01,"Año siguiente",4.9,4.89979775694063
2013-04-01,"24 meses",NA,4.89979775694063
2013-05-01,"Año actual",5.15,4.98663471287679
2013-05-01,"12 meses",5.1,4.98663471287679
2013-05-01,"Año siguiente",5,4.98663471287679
2013-05-01,"24 meses",NA,4.98663471287679
2013-06-01,"Año actual",5.16,4.80132450331126
2013-06-01,"12 meses",5.18,4.80132450331126
2013-06-01,"Año siguiente",5,4.80132450331126
2013-06-01,"24 meses",NA,4.80132450331126
2013-07-01,"Año actual",5.16,5.66451612903227
2013-07-01,"12 meses",5.14,5.66451612903227
2013-07-01,"Año siguiente",5,5.66451612903227
2013-07-01,"24 meses",NA,5.66451612903227
2013-08-01,"Año actual",5,5.30109489051096
2013-08-01,"12 meses",5.4,5.30109489051096
2013-08-01,"Año siguiente",5.22,5.30109489051096
2013-08-01,"24 meses",NA,5.30109489051096
2013-09-01,"Año actual",5.1,5.13099447012966
2013-09-01,"12 meses",5.22,5.13099447012966
2013-09-01,"Año siguiente",5,5.13099447012966
2013-09-01,"24 meses",NA,5.13099447012966
2013-10-01,"Año actual",5.2,4.73907931627027
2013-10-01,"12 meses",5.35,4.73907931627027
2013-10-01,"Año siguiente",5,4.73907931627027
2013-10-01,"24 meses",NA,4.73907931627027
2013-11-01,"Año actual",5,4.14307540217493
2013-11-01,"12 meses",4.79,4.14307540217493
2013-11-01,"Año siguiente",4.825,4.14307540217493
2013-11-01,"24 meses",NA,4.14307540217493
2013-12-01,"Año actual",4.015,3.87603822452445
2013-12-01,"12 meses",4.65,3.87603822452445
2013-12-01,"Año siguiente",4.8,3.87603822452445
2013-12-01,"24 meses",NA,3.87603822452445
2014-01-01,"Año actual",4.5,2.82236726053979
2014-01-01,"12 meses",4.6,2.82236726053979
2014-01-01,"Año siguiente",4.34,2.82236726053979
2014-01-01,"24 meses",NA,2.82236726053979
2014-02-01,"Año actual",4.5,2.83956043956046
2014-02-01,"12 meses",4.65,2.83956043956046
2014-02-01,"Año siguiente",4.35,2.83956043956046
2014-02-01,"24 meses",NA,2.83956043956046
2014-03-01,"Año actual",4.5,2.98651252408482
2014-03-01,"12 meses",4.5,2.98651252408482
2014-03-01,"Año siguiente",4.2,2.98651252408482
2014-03-01,"24 meses",NA,2.98651252408482
2014-04-01,"Año actual",4.5,3.4878625887302
2014-04-01,"12 meses",4.58,3.4878625887302
2014-04-01,"Año siguiente",4.5,3.4878625887302
2014-04-01,"24 meses",NA,3.4878625887302
2014-05-01,"Año actual",4.35,3.69622475856015
2014-05-01,"12 meses",4.465,3.69622475856015
2014-05-01,"Año siguiente",4.3,3.69622475856015
2014-05-01,"24 meses",NA,3.69622475856015
2014-06-01,"Año actual",4.2,3.677374056521
2014-06-01,"12 meses",4.1,3.677374056521
2014-06-01,"Año siguiente",4.4,3.677374056521
2014-06-01,"24 meses",NA,3.677374056521
2014-07-01,"Año actual",4,3.41398740470666
2014-07-01,"12 meses",4.33,3.41398740470666
2014-07-01,"Año siguiente",4.3,3.41398740470666
2014-07-01,"24 meses",NA,3.41398740470666
2014-08-01,"Año actual",4,3.12797851139417
2014-08-01,"12 meses",4.17,3.12797851139417
2014-08-01,"Año siguiente",4.345,3.12797851139417
2014-08-01,"24 meses",NA,3.12797851139417
2014-09-01,"Año actual",3.855,2.82831766836249
2014-09-01,"12 meses",4.175,2.82831766836249
2014-09-01,"Año siguiente",4.45,2.82831766836249
2014-09-01,"24 meses",NA,2.82831766836249
2014-10-01,"Año actual",3.55,2.88058026077194
2014-10-01,"12 meses",4,2.88058026077194
2014-10-01,"Año siguiente",4.3,2.88058026077194
2014-10-01,"24 meses",NA,2.88058026077194
2014-11-01,"Año actual",3.225,2.67518122195372
2014-11-01,"12 meses",3.385,2.67518122195372
2014-11-01,"Año siguiente",3.95,2.67518122195372
2014-11-01,"24 meses",NA,2.67518122195372
2014-12-01,"Año actual",2.51,1.58197919353451
2014-12-01,"12 meses",3.5,1.58197919353451
2014-12-01,"Año siguiente",3.7,1.58197919353451
2014-12-01,"24 meses",NA,1.58197919353451
2015-01-01,"Año actual",3.75,1.15800308800822
2015-01-01,"12 meses",3.5,1.15800308800822
2015-01-01,"Año siguiente",4,1.15800308800822
2015-01-01,"24 meses",NA,1.15800308800822
2015-02-01,"Año actual",3.575,1.01726790904424
2015-02-01,"12 meses",3.69,1.01726790904424
2015-02-01,"Año siguiente",4,1.01726790904424
2015-02-01,"24 meses",NA,1.01726790904424
2015-03-01,"Año actual",3.5,0.637809337528661
2015-03-01,"12 meses",3.75,0.637809337528661
2015-03-01,"Año siguiente",3.93,0.637809337528661
2015-03-01,"24 meses",NA,0.637809337528661
2015-04-01,"Año actual",3.25,-0.0423405876873839
2015-04-01,"12 meses",3.15,-0.0423405876873839
2015-04-01,"Año siguiente",4,-0.0423405876873839
2015-04-01,"24 meses",NA,-0.0423405876873839
2015-05-01,"Año actual",2.89,0.228600457200856
2015-05-01,"12 meses",3,0.228600457200856
2015-05-01,"Año siguiente",3.4,0.228600457200856
2015-05-01,"24 meses",NA,0.228600457200856
2015-06-01,"Año actual",2.9,0.617963260814336
2015-06-01,"12 meses",3.135,0.617963260814336
2015-06-01,"Año siguiente",3.805,0.617963260814336
2015-06-01,"24 meses",NA,0.617963260814336
2015-07-01,"Año actual",2.725,0.49763832658567
2015-07-01,"12 meses",3.575,0.49763832658567
2015-07-01,"Año siguiente",4,0.49763832658567
2015-07-01,"24 meses",NA,0.49763832658567
2015-08-01,"Año actual",2.48,0.428499411863537
2015-08-01,"12 meses",3.5,0.428499411863537
2015-08-01,"Año siguiente",3.85,0.428499411863537
2015-08-01,"24 meses",NA,0.428499411863537
2015-09-01,"Año actual",2.38,0.394129979035629
2015-09-01,"12 meses",3.24,0.394129979035629
2015-09-01,"Año siguiente",3.6,0.394129979035629
2015-09-01,"24 meses",NA,0.394129979035629
2015-10-01,"Año actual",1.9,1.22874456549107
2015-10-01,"12 meses",3.72,1.22874456549107
2015-10-01,"Año siguiente",3.915,1.22874456549107
2015-10-01,"24 meses",NA,1.22874456549107
2015-11-01,"Año actual",2.5,1.53807362581946
2015-11-01,"12 meses",2.98,1.53807362581946
2015-11-01,"Año siguiente",3.2,1.53807362581946
2015-11-01,"24 meses",NA,1.53807362581946
2015-12-01,"Año actual",2.5,2.34447735928902
2015-12-01,"12 meses",3.49,2.34447735928902
2015-12-01,"Año siguiente",3.5,2.34447735928902
2015-12-01,"24 meses",NA,2.34447735928902
2016-01-01,"Año actual",3.37,2.52692275078434
2016-01-01,"12 meses",3.4,2.52692275078434
2016-01-01,"Año siguiente",4,2.52692275078434
2016-01-01,"24 meses",NA,2.52692275078434
2016-02-01,"Año actual",3.275,1.74325124820174
2016-02-01,"12 meses",3.5,1.74325124820174
2016-02-01,"Año siguiente",4,1.74325124820174
2016-02-01,"24 meses",NA,1.74325124820174
2016-03-01,"Año actual",3.2,1.58864289335812
2016-03-01,"12 meses",3.555,1.58864289335812
2016-03-01,"Año siguiente",4,1.58864289335812
2016-03-01,"24 meses",NA,1.58864289335812
2016-04-01,"Año actual",3.1,1.75364283293797
2016-04-01,"12 meses",3.5,1.75364283293797
2016-04-01,"Año siguiente",4,1.75364283293797
2016-04-01,"24 meses",NA,1.75364283293797
2016-05-01,"Año actual",2.87,1.71481669200877
2016-05-01,"12 meses",3,1.71481669200877
2016-05-01,"Año siguiente",4,1.71481669200877
2016-05-01,"24 meses",NA,1.71481669200877
2016-06-01,"Año actual",2.7,1.90980986033986
2016-06-01,"12 meses",3.3,1.90980986033986
2016-06-01,"Año siguiente",4,1.90980986033986
2016-06-01,"24 meses",NA,1.90980986033986
2016-07-01,"Año actual",2.9,1.85480486781364
2016-07-01,"12 meses",3.5,1.85480486781364
2016-07-01,"Año siguiente",4,1.85480486781364
2016-07-01,"24 meses",NA,1.85480486781364
2016-08-01,"Año actual",3,1.47243369865302
2016-08-01,"12 meses",3,1.47243369865302
2016-08-01,"Año siguiente",4,1.47243369865302
2016-08-01,"24 meses",4,1.47243369865302
2016-09-01,"Año actual",1.945,1.35315736719008
2016-09-01,"12 meses",3.18,1.35315736719008
2016-09-01,"Año siguiente",3.325,1.35315736719008
2016-09-01,"24 meses",3.21,1.35315736719008
2016-10-01,"Año actual",1.965,0.912030511566164
2016-10-01,"12 meses",2.97,0.912030511566164
2016-10-01,"Año siguiente",3.5,0.912030511566164
2016-10-01,"24 meses",3.26,0.912030511566164
2016-11-01,"Año actual",1.8,0.877410810363366
2016-11-01,"12 meses",3.15,0.877410810363366
2016-11-01,"Año siguiente",3.5,0.877410810363366
2016-11-01,"24 meses",4,0.877410810363366
2016-12-01,"Año actual",1.15,1.69533575917959
2016-12-01,"12 meses",3,1.69533575917959
2016-12-01,"Año siguiente",3.4,1.69533575917959
2016-12-01,"24 meses",4,1.69533575917959
2017-01-01,"Año actual",3.5,2.33231329087751
2017-01-01,"12 meses",3,2.33231329087751
2017-01-01,"Año siguiente",4,2.33231329087751
2017-01-01,"24 meses",4,2.33231329087751
2017-02-01,"Año actual",4,3.34359144972136
2017-02-01,"12 meses",3.5,3.34359144972136
2017-02-01,"Año siguiente",4.225,3.34359144972136
2017-02-01,"24 meses",4.055,3.34359144972136
2017-03-01,"Año actual",3.82,3.14423556812511
2017-03-01,"12 meses",3.765,3.14423556812511
2017-03-01,"Año siguiente",4.2,3.14423556812511
2017-03-01,"24 meses",4.09,3.14423556812511
2017-04-01,"Año actual",4,3.51344600782617
2017-04-01,"12 meses",3.5,3.51344600782617
2017-04-01,"Año siguiente",4.335,3.51344600782617
2017-04-01,"24 meses",4,3.51344600782617
2017-05-01,"Año actual",3.84,3.10605431442572
2017-05-01,"12 meses",4,3.10605431442572
2017-05-01,"Año siguiente",4.21,3.10605431442572
2017-05-01,"24 meses",4.44,3.10605431442572
2017-06-01,"Año actual",3.8,2.55097828779001
2017-06-01,"12 meses",4,2.55097828779001
2017-06-01,"Año siguiente",4.2,2.55097828779001
2017-06-01,"24 meses",4.5,2.55097828779001
2017-07-01,"Año actual",3.14,2.53790375741596
2017-07-01,"12 meses",3.705,2.53790375741596
2017-07-01,"Año siguiente",4,2.53790375741596
2017-07-01,"24 meses",4,2.53790375741596
2017-08-01,"Año actual",3.1,3.18245527248744
2017-08-01,"12 meses",3.8,3.18245527248744
2017-08-01,"Año siguiente",4,3.18245527248744
2017-08-01,"24 meses",4,3.18245527248744
2017-09-01,"Año actual",3.4,3.79924179990112
2017-09-01,"12 meses",3.5,3.79924179990112
2017-09-01,"Año siguiente",4,3.79924179990112
2017-09-01,"24 meses",4.11,3.79924179990112
2017-10-01,"Año actual",3.5,3.4836907402843
2017-10-01,"12 meses",4,3.4836907402843
2017-10-01,"Año siguiente",4,3.4836907402843
2017-10-01,"24 meses",4,3.4836907402843
2017-11-01,"Año actual",3.6,4.13555427914991
2017-11-01,"12 meses",3.925,4.13555427914991
2017-11-01,"Año siguiente",4,4.13555427914991
2017-11-01,"24 meses",4,4.13555427914991
2017-12-01,"Año actual",3.9,4.20427746604861
2017-12-01,"12 meses",4.05,4.20427746604861
2017-12-01,"Año siguiente",4,4.20427746604861
2017-12-01,"24 meses",4,4.20427746604861
2018-01-01,"Año actual",4.25,3.86325062636383
2018-01-01,"12 meses",4.11,3.86325062636383
2018-01-01,"Año siguiente",4.45,3.86325062636383
2018-01-01,"24 meses",4,3.86325062636383
2018-02-01,"Año actual",4.05,3.3158953722334
2018-02-01,"12 meses",4.02,3.3158953722334
2018-02-01,"Año siguiente",4.32,3.3158953722334
2018-02-01,"24 meses",4.27,3.3158953722334
2018-03-01,"Año actual",4,3.91129032258064
2018-03-01,"12 meses",4,3.91129032258064
2018-03-01,"Año siguiente",4,3.91129032258064
2018-03-01,"24 meses",4,3.91129032258064
2018-04-01,"Año actual",4.2,4.04568487090806
2018-04-01,"12 meses",4.105,4.04568487090806
2018-04-01,"Año siguiente",4.4,4.04568487090806
2018-04-01,"24 meses",4.5,4.04568487090806
2018-05-01,"Año actual",4.2,4.4703987112364
2018-05-01,"12 meses",4.545,4.4703987112364
2018-05-01,"Año siguiente",4.3,4.4703987112364
2018-05-01,"24 meses",4.25,4.4703987112364
2018-06-01,"Año actual",4.34,4.62888423764289
2018-06-01,"12 meses",4.5,4.62888423764289
2018-06-01,"Año siguiente",4.29,4.62888423764289
2018-06-01,"24 meses",4.5,4.62888423764289
2018-07-01,"Año actual",4.5,4.42783670845388
2018-07-01,"12 meses",4.5,4.42783670845388
2018-07-01,"Año siguiente",4.5,4.42783670845388
2018-07-01,"24 meses",4.66,4.42783670845388
2018-08-01,"Año actual",4.335,3.86735916899723
2018-08-01,"12 meses",4.6,3.86735916899723
2018-08-01,"Año siguiente",4.5,3.86735916899723
2018-08-01,"24 meses",4.5,3.86735916899723
2018-09-01,"Año actual",4,3.28701865819769
2018-09-01,"12 meses",4.21,3.28701865819769
2018-09-01,"Año siguiente",4.45,3.28701865819769
2018-09-01,"24 meses",4.5,3.28701865819769
2018-10-01,"Año actual",3.9,3.51726875744343
2018-10-01,"12 meses",4.15,3.51726875744343
2018-10-01,"Año siguiente",4.2,3.51726875744343
2018-10-01,"24 meses",4.275,3.51726875744343
2018-11-01,"Año actual",3.1,2.37175951461668
2018-11-01,"12 meses",4.01,2.37175951461668
2018-11-01,"Año siguiente",4,2.37175951461668
2018-11-01,"24 meses",4,2.37175951461668
2018-12-01,"Año actual",2.08,1.17059466208835
2018-12-01,"12 meses",3.75,1.17059466208835
2018-12-01,"Año siguiente",3.85,1.17059466208835
2018-12-01,"24 meses",4,1.17059466208835
2019-01-01,"Año actual",3.75,0.708116099914391
2019-01-01,"12 meses",3.695,0.708116099914391
2019-01-01,"Año siguiente",4,0.708116099914391
2019-01-01,"24 meses",4,0.708116099914391
2019-02-01,"Año actual",3.205,1.19186725870528
2019-02-01,"12 meses",3.4,1.19186725870528
2019-02-01,"Año siguiente",4,1.19186725870528
2019-02-01,"24 meses",3.8,1.19186725870528
2019-03-01,"Año actual",3.335,1.47380675203725
2019-03-01,"12 meses",3.97,1.47380675203725
2019-03-01,"Año siguiente",3.83,1.47380675203725
2019-03-01,"24 meses",3.74,1.47380675203725
2019-04-01,"Año actual",3.45,1.60791589363016
2019-04-01,"12 meses",3.79,1.60791589363016
2019-04-01,"Año siguiente",3.875,1.60791589363016
2019-04-01,"24 meses",3.67,1.60791589363016
2019-05-01,"Año actual",3.5,1.31071703932151
2019-05-01,"12 meses",3.66,1.31071703932151
2019-05-01,"Año siguiente",3.8,1.31071703932151
2019-05-01,"24 meses",3.7,1.31071703932151
2019-06-01,"Año actual",3.25,0.915595906747702
2019-06-01,"12 meses",3.485,0.915595906747702
2019-06-01,"Año siguiente",3.65,0.915595906747702
2019-06-01,"24 meses",3.705,0.915595906747702
2019-07-01,"Año actual",2.775,1.40053866871874
2019-07-01,"12 meses",3.34,1.40053866871874
2019-07-01,"Año siguiente",3.56,1.40053866871874
2019-07-01,"24 meses",3.7,1.40053866871874
2019-08-01,"Año actual",2.83,1.71551657819831
2019-08-01,"12 meses",3.55,1.71551657819831
2019-08-01,"Año siguiente",3.7,1.71551657819831
2019-08-01,"24 meses",3.7,1.71551657819831
2019-09-01,"Año actual",2.95,2.02167730033052
2019-09-01,"12 meses",3.66,2.02167730033052
2019-09-01,"Año siguiente",3.725,2.02167730033052
2019-09-01,"24 meses",3.88,2.02167730033052
2019-10-01,"Año actual",3.1,2.47737383034206
2019-10-01,"12 meses",3.5,2.47737383034206
2019-10-01,"Año siguiente",3.7,2.47737383034206
2019-10-01,"24 meses",3.6,2.47737383034206
2019-11-01,"Año actual",3.54,3.22506157635467
2019-11-01,"12 meses",3.02,3.22506157635467
2019-11-01,"Año siguiente",4,3.22506157635467
2019-11-01,"24 meses",3.85,3.22506157635467
2019-12-01,"Año actual",3.775,3.65627892625731
2019-12-01,"12 meses",3.9,3.65627892625731
2019-12-01,"Año siguiente",4,3.65627892625731
2019-12-01,"24 meses",3.96,3.65627892625731
2020-01-01,"Año actual",4,4.17246175243393
2020-01-01,"12 meses",4,4.17246175243393
2020-01-01,"Año siguiente",4,4.17246175243393
2020-01-01,"24 meses",3.95,4.17246175243393
2020-02-01,"Año actual",4,3.65665896843725
2020-02-01,"12 meses",3.985,3.65665896843725
2020-02-01,"Año siguiente",4,3.65665896843725
2020-02-01,"24 meses",4,3.65665896843725
2020-03-01,"Año actual",3.415,2.44820228070575
2020-03-01,"12 meses",3.715,2.44820228070575
2020-03-01,"Año siguiente",4,2.44820228070575
2020-03-01,"24 meses",4,2.44820228070575
2020-04-01,"Año actual",4,1.07273280584295
2020-04-01,"12 meses",3.7,1.07273280584295
2020-04-01,"Año siguiente",4.1,1.07273280584295
2020-04-01,"24 meses",4,1.07273280584295
2020-05-01,"Año actual",2.5,0.989345509893425
2020-05-01,"12 meses",3,0.989345509893425
2020-05-01,"Año siguiente",3.66,0.989345509893425
2020-05-01,"24 meses",4,0.989345509893425
2020-06-01,"Año actual",2.375,2.89722476364742
2020-06-01,"12 meses",3,2.89722476364742
2020-06-01,"Año siguiente",3.9,2.89722476364742
2020-06-01,"24 meses",3.525,2.89722476364742
2020-07-01,"Año actual",3.1,4.34848599833038
2020-07-01,"12 meses",3,4.34848599833038
2020-07-01,"Año siguiente",3.8,4.34848599833038
2020-07-01,"24 meses",4,4.34848599833038
2020-08-01,"Año actual",3.56,4.8026017243987
2020-08-01,"12 meses",3.87,4.8026017243987
2020-08-01,"Año siguiente",3.98,4.8026017243987
2020-08-01,"24 meses",4,4.8026017243987
2020-09-01,"Año actual",3.985,5.03315250150691
2020-09-01,"12 meses",3.5,5.03315250150691
2020-09-01,"Año siguiente",4,5.03315250150691
2020-09-01,"24 meses",4,5.03315250150691
2020-10-01,"Año actual",4.3,5.02503325342203
2020-10-01,"12 meses",4,5.02503325342203
2020-10-01,"Año siguiente",4,5.02503325342203
2020-10-01,"24 meses",4,5.02503325342203
2020-11-01,"Año actual",4.795,5.25857606719247
2020-11-01,"12 meses",4,5.25857606719247
2020-11-01,"Año siguiente",4.125,5.25857606719247
2020-11-01,"24 meses",4,5.25857606719247
2020-12-01,"Año actual",5.25,5.55365295595047
2020-12-01,"12 meses",4.5,5.55365295595047
2020-12-01,"Año siguiente",4.5,5.55365295595047
2020-12-01,"24 meses",4.46,5.55365295595047
2021-01-01,"Año actual",4.8,6.22705356713464
2021-01-01,"12 meses",4.42,6.22705356713464
2021-01-01,"Año siguiente",4.5,6.22705356713464
2021-01-01,"24 meses",4.29,6.22705356713464
2021-02-01,"Año actual",4.75,7.08770695925733
2021-02-01,"12 meses",4.35,7.08770695925733
2021-02-01,"Año siguiente",4,7.08770695925733
2021-02-01,"24 meses",4,7.08770695925733
2021-03-01,"Año actual",5.25,8.2965158804855
2021-03-01,"12 meses",4.995,8.2965158804855
2021-03-01,"Año siguiente",4.45,8.2965158804855
2021-03-01,"24 meses",4,8.2965158804855
2021-04-01,"Año actual",5.0975,9.64526953540659
2021-04-01,"12 meses",4.95,9.64526953540659
2021-04-01,"Año siguiente",4.465,9.64526953540659
2021-04-01,"24 meses",4,9.64526953540659
2021-05-01,"Año actual",5.5,10.4808260675713
2021-05-01,"12 meses",5,10.4808260675713
2021-05-01,"Año siguiente",4.38,10.4808260675713
2021-05-01,"24 meses",4,10.4808260675713
2021-06-01,"Año actual",6.1,9.31937300164845
2021-06-01,"12 meses",5,9.31937300164845
2021-06-01,"Año siguiente",4.195,9.31937300164845
2021-06-01,"24 meses",4,9.31937300164845
2021-07-01,"Año actual",6.18,7.87604649940503
2021-07-01,"12 meses",4.95,7.87604649940503
2021-07-01,"Año siguiente",4.2,7.87604649940503
2021-07-01,"24 meses",4,7.87604649940503
2021-08-01,"Año actual",6.1,7.89710297388377
2021-08-01,"12 meses",5,7.89710297388377
2021-08-01,"Año siguiente",4.3,7.89710297388377
2021-08-01,"24 meses",4,7.89710297388377
2021-09-01,"Año actual",6.45,7.73812369576414
2021-09-01,"12 meses",5.175,7.73812369576414
2021-09-01,"Año siguiente",4.545,7.73812369576414
2021-09-01,"24 meses",4.225,7.73812369576414
2021-10-01,"Año actual",6.82,7.71524428849899
2021-10-01,"12 meses",6.5,7.71524428849899
2021-10-01,"Año siguiente",4.6,7.71524428849899
2021-10-01,"24 meses",4.125,7.71524428849899
2021-11-01,"Año actual",7.26,8.23250844618983
2021-11-01,"12 meses",5.85,8.23250844618983
2021-11-01,"Año siguiente",5,8.23250844618983
2021-11-01,"24 meses",4.375,8.23250844618983
2021-12-01,"Año actual",8.285,8.4956989865318
2021-12-01,"12 meses",5,8.4956989865318
2021-12-01,"Año siguiente",5,8.4956989865318
2021-12-01,"24 meses",4.1,8.4956989865318
2022-01-01,"Año actual",5.85,8.72642404462829
2022-01-01,"12 meses",4.5,8.72642404462829
2022-01-01,"Año siguiente",4.95,8.72642404462829
2022-01-01,"24 meses",4.25,8.72642404462829
2022-02-01,"Año actual",6.1,8.98383023632732
2022-02-01,"12 meses",5,8.98383023632732
2022-02-01,"Año siguiente",5.5,8.98383023632732
2022-02-01,"24 meses",4.5,8.98383023632732
2022-03-01,"Año actual",7.1,9.05455022292159
2022-03-01,"12 meses",6.5,9.05455022292159
2022-03-01,"Año siguiente",5.375,9.05455022292159
2022-03-01,"24 meses",4.5,9.05455022292159
2022-04-01,"Año actual",7.4,9.64311698972071
2022-04-01,"12 meses",7,9.64311698972071
2022-04-01,"Año siguiente",5.5,9.64311698972071
2022-04-01,"24 meses",4.5,9.64311698972071
2022-05-01,"Año actual",8.39,9.47257207996219
2022-05-01,"12 meses",7,9.47257207996219
2022-05-01,"Año siguiente",5.55,9.47257207996219
2022-05-01,"24 meses",5,9.47257207996219
2022-06-01,"Año actual",8.5,9.47828889809827
2022-06-01,"12 meses",6.5,9.47828889809827
2022-06-01,"Año siguiente",5.5,9.47828889809827
2022-06-01,"24 meses",4.5,9.47828889809827
2022-07-01,"Año actual",8.5,9.43499926718452
2022-07-01,"12 meses",6.8,9.43499926718452
2022-07-01,"Año siguiente",5.5,9.43499926718452
2022-07-01,"24 meses",4.5,9.43499926718452
2022-08-01,"Año actual",8.5,8.79597233708049
2022-08-01,"12 meses",6.70922323,8.79597233708049
2022-08-01,"Año siguiente",5.5,8.79597233708049
2022-08-01,"24 meses",4.555,8.79597233708049
2022-09-01,"Año actual",7.775,8.62622698692721
2022-09-01,"12 meses",6.5,8.62622698692721
2022-09-01,"Año siguiente",5.5,8.62622698692721
2022-09-01,"24 meses",4.5,8.62622698692721
2022-10-01,"Año actual",7.345,8.23505087914853
2022-10-01,"12 meses",6,8.23505087914853
2022-10-01,"Año siguiente",5.5,8.23505087914853
2022-10-01,"24 meses",4.5,8.23505087914853
2022-11-01,"Año actual",7.45,7.57697027906727
2022-11-01,"12 meses",6,7.57697027906727
2022-11-01,"Año siguiente",5.5,7.57697027906727
2022-11-01,"24 meses",4,7.57697027906727
2022-12-01,"Año actual",7.2,7.82691611558937
2022-12-01,"12 meses",5.45,7.82691611558937
2022-12-01,"Año siguiente",5.45,7.82691611558937
2022-12-01,"24 meses",4.25,7.82691611558937
2023-01-01,"Año actual",5.28,7.2433290867524
2023-01-01,"12 meses",4.9,7.2433290867524
2023-01-01,"Año siguiente",4.5,7.2433290867524
2023-01-01,"24 meses",4,7.2433290867524
2023-02-01,"Año actual",5.5,6.37828771031834
2023-02-01,"12 meses",5.2,6.37828771031834
2023-02-01,"Año siguiente",4.5,6.37828771031834
2023-02-01,"24 meses",4,6.37828771031834
2023-03-01,"Año actual",5.3,5.8987726636377
2023-03-01,"12 meses",5.15,5.8987726636377
2023-03-01,"Año siguiente",4.65,5.8987726636377
2023-03-01,"24 meses",4,5.8987726636377
2023-04-01,"Año actual",5,5.15211325120806
2023-04-01,"12 meses",4.955,5.15211325120806
2023-04-01,"Año siguiente",4.05,5.15211325120806
2023-04-01,"24 meses",4,5.15211325120806
2023-05-01,"Año actual",4.8,4.43101200453768
2023-05-01,"12 meses",4.5,4.43101200453768
2023-05-01,"Año siguiente",4.1,4.43101200453768
2023-05-01,"24 meses",4,4.43101200453768
2023-06-01,"Año actual",4.5,3.99572667547128
2023-06-01,"12 meses",4.5,3.99572667547128
2023-06-01,"Año siguiente",4.205,3.99572667547128
2023-06-01,"24 meses",4,3.99572667547128
2023-07-01,"Año actual",4,3.95118358054038
2023-07-01,"12 meses",4.02,3.95118358054038
2023-07-01,"Año siguiente",4.18,3.95118358054038
2023-07-01,"24 meses",4,3.95118358054038
2023-08-01,"Año actual",4,4.2685310479627
2023-08-01,"12 meses",4,4.2685310479627
2023-08-01,"Año siguiente",4,4.2685310479627
2023-08-01,"24 meses",4,4.2685310479627
2023-09-01,"Año actual",4,4.41026068126926
2023-09-01,"12 meses",4.3,4.41026068126926
2023-09-01,"Año siguiente",4,4.41026068126926
2023-09-01,"24 meses",4,4.41026068126926
2023-10-01,"Año actual",4.2,4.34583281425189
2023-10-01,"12 meses",4.05,4.34583281425189
2023-10-01,"Año siguiente",4,4.34583281425189
2023-10-01,"24 meses",4,4.34583281425189
2023-11-01,"Año actual",4,4.00393498999718
2023-11-01,"12 meses",4,4.00393498999718
2023-11-01,"Año siguiente",4,4.00393498999718
2023-11-01,"24 meses",4,4.00393498999718
2023-12-01,"Año actual",3.9,3.56887855364862
2023-12-01,"12 meses",4,3.56887855364862
2023-12-01,"Año siguiente",4,3.56887855364862
2023-12-01,"24 meses",4,3.56887855364862
2024-01-01,"Año actual",4,3.31692472925804
2024-01-01,"12 meses",4,3.31692472925804
2024-01-01,"Año siguiente",4,3.31692472925804
2024-01-01,"24 meses",4,3.31692472925804
2024-02-01,"Año actual",4,3.29954890884707
2024-02-01,"12 meses",4,3.29954890884707
2024-02-01,"Año siguiente",4,3.29954890884707
2024-02-01,"24 meses",4,3.29954890884707
2024-03-01,"Año actual",3.9,3.38510450206408
2024-03-01,"12 meses",3.9,3.38510450206408
2024-03-01,"Año siguiente",4,3.38510450206408
2024-03-01,"24 meses",4,3.38510450206408
2024-04-01,"Año actual",3.95,3.03220064724921
2024-04-01,"12 meses",4,3.03220064724921
2024-04-01,"Año siguiente",4,3.03220064724921
2024-04-01,"24 meses",4,3.03220064724921
2024-05-01,"Año actual",3.55,3.19619637472033
2024-05-01,"12 meses",3.83,3.19619637472033
2024-05-01,"Año siguiente",4,3.19619637472033
2024-05-01,"24 meses",4,3.19619637472033
2024-06-01,"Año actual",3.4,3.46275489981962
2024-06-01,"12 meses",3.65,3.46275489981962
2024-06-01,"Año siguiente",4,3.46275489981962
2024-06-01,"24 meses",4,3.46275489981962
2024-07-01,"Año actual",3.505,3.53873630709471
2024-07-01,"12 meses",3.9,3.53873630709471
2024-07-01,"Año siguiente",4,3.53873630709471
2024-07-01,"24 meses",4,3.53873630709471
2024-08-01,"Año actual",3.74,3.4238257060504
2024-08-01,"12 meses",3.975,3.4238257060504
2024-08-01,"Año siguiente",4,3.4238257060504
2024-08-01,"24 meses",4,3.4238257060504
2024-09-01,"Año actual",3.55,3.28639321535289
2024-09-01,"12 meses",3.885,3.28639321535289
2024-09-01,"Año siguiente",4,3.28639321535289
2024-09-01,"24 meses",3.99,3.28639321535289
2024-10-01,"Año actual",3.5,3.15829019338161
2024-10-01,"12 meses",3.9,3.15829019338161
2024-10-01,"Año siguiente",4,3.15829019338161
2024-10-01,"24 meses",4,3.15829019338161
2024-11-01,"Año actual",3.4,3.17973060836472
2024-11-01,"12 meses",3.93,3.17973060836472
2024-11-01,"Año siguiente",4,3.17973060836472
2024-11-01,"24 meses",4,3.17973060836472
2024-12-01,"Año actual",3.3,3.3484969949386
2024-12-01,"12 meses",3.81,3.3484969949386
2024-12-01,"Año siguiente",3.81,3.3484969949386
2024-12-01,"24 meses",4,3.3484969949386
2025-01-01,"Año actual",4,3.32399850054654
2025-01-01,"12 meses",4,3.32399850054654
2025-01-01,"Año siguiente",4,3.32399850054654
2025-01-01,"24 meses",4,3.32399850054654
2025-02-01,"Año actual",4,3.56411680748041
2025-02-01,"12 meses",4,3.56411680748041
2025-02-01,"Año siguiente",4,3.56411680748041
2025-02-01,"24 meses",4,3.56411680748041
2025-03-01,"Año actual",4,3.58076389629787
2025-03-01,"12 meses",4,3.58076389629787
2025-03-01,"Año siguiente",4,3.58076389629787
2025-03-01,"24 meses",4,3.58076389629787
